January 1, 2015
January 20, 2015
February 17, 2015
April 18, 2015
May 26, 2015
July 4, 2015
September 1, 2015
November 27, 2015
December 25, 2015
January 1, 2014
January 20, 2014
February 17, 2014
April 18, 2014
May 26, 2014
July 4, 2014
September 1, 2014
November 27, 2014
December 25, 2014
January 1, 2013
January 21, 2013
February 18, 2013
March 29, 2013
May 27, 2013
July 4, 2013
September 2, 2013
November 28, 2013
December 25, 2013
January 2, 2012
January 16, 2012
February 20, 2012
April 6, 2012
May 28, 2012
July 4, 2012
September 3, 2012
November 22, 2012
December 25, 2012
January 1, 2011
January 17, 2011
February 21, 2011
April 22, 2011
May 30, 2011
July 4, 2011
September 5, 2011
November 24, 2011
December 26, 2011
January 1, 2010
January 18, 2010
February 15, 2010
April 2, 2010
May 31, 2010
July 5, 2010
September 6, 2010
November 25, 2010
December 24, 2010
January 1, 2009
January 19, 2009
February 16, 2009
April 10, 2009
May 25, 2009
July 3, 2009
September 7, 2009
November 26, 2009
December 25, 2009
January 1, 2008
January 21, 2008
February 18, 2008
March 21, 2008
May 26, 2008
July 4, 2008
September 1, 2008
November 27, 2008
December 25, 2008
January 1, 2007
January 15, 2007
February 19, 2007
April 6, 2007
May 28, 2007
July 4, 2007
September 3, 2007
November 22, 2007
December 25, 2007
January 2, 2006
January 16, 2006
February 20, 2006
April 14, 2006
May 29, 2006
July 4, 2006
September 4, 2006
November 23, 2006
December 25, 2006
January 1,2016
January 18,2016
February 15,2016
March 25,2016
May 30,2016
July 4,2016
September 5,2016
November 24,2016
December 26,2016
January 2,2017
January 16,2017
February 20,2017
April 14,2017
May 29,2017
July 4,2017
September 4,2017
November 23,2017
December 25,2017
